"Date","Province","Confirmed","Days","ActiveCases"
2020-03-05,"EC",0,-16,0
2020-03-07,"EC",0,-14,0
2020-03-08,"EC",0,-13,0
2020-03-09,"EC",0,-12,0
2020-03-11,"EC",0,-10,0
2020-03-12,"EC",0,-9,0
2020-03-13,"EC",0,-8,0
2020-03-14,"EC",0,-7,0
2020-03-15,"EC",0,-6,0
2020-03-16,"EC",0,-5,0
2020-03-17,"EC",0,-4,0
2020-03-18,"EC",0,-3,0
2020-03-19,"EC",0,-2,0
2020-03-20,"EC",0,-1,0
2020-03-21,"EC",1,0,1
2020-03-22,"EC",2,1,2
2020-03-23,"EC",2,2,2
2020-03-24,"EC",2,3,2
2020-03-25,"EC",2,4,2
2020-03-26,"EC",5,5,5
2020-03-27,"EC",NA,6,NA
2020-03-28,"EC",10,7,10
2020-03-29,"EC",12,8,12
2020-03-30,"EC",12,9,12
2020-03-31,"EC",12,10,12
2020-04-01,"EC",15,11,15
2020-04-02,"EC",17,12,17
2020-04-03,"EC",21,13,21
2020-04-04,"EC",25,14,25
2020-04-05,"EC",31,15,31
2020-04-06,"EC",32,16,32
2020-04-07,"EC",NA,17,NA
2020-04-08,"EC",45,18,45
2020-04-09,"EC",61,19,61
2020-04-10,"EC",68,20,68
2020-04-11,"EC",69,21,69
2020-04-12,"EC",88,22,88
2020-04-13,"EC",104,23,104
2020-04-14,"EC",174,24,174
2020-04-15,"EC",199,25,199
2020-04-16,"EC",220,26,216
2020-04-17,"EC",246,27,233
2020-04-18,"EC",270,28,257
2020-04-19,"EC",293,29,280
2020-04-20,"EC",310,30,290
2020-04-21,"EC",345,31,325
2020-04-22,"EC",377,32,357
2020-04-23,"EC",417,33,392
2020-04-24,"EC",480,34,455
2020-04-25,"EC",488,35,459
2020-04-26,"EC",535,36,506
2020-04-27,"EC",588,37,559
2020-04-28,"EC",616,38,587
2020-04-29,"EC",630,39,619
2020-04-30,"EC",647,40,636
2020-05-01,"EC",691,41,680
2020-05-02,"EC",732,42,444
2020-05-03,"EC",774,43,482
2020-05-04,"EC",814,44,456
2020-05-05,"EC",838,45,479
2020-05-06,"EC",849,46,443
2020-05-07,"EC",929,47,523
2020-05-08,"EC",989,48,580
2020-05-09,"EC",1078,49,1057
2020-05-10,"EC",1218,50,677
2020-05-11,"EC",1356,51,1332
2020-05-12,"EC",1504,52,1480
2020-05-13,"EC",1534,53,878
2020-05-14,"EC",1569,54,895
2020-05-15,"EC",1662,55,988
2020-05-16,"EC",1812,56,1034
2020-05-17,"EC",1936,57,1062
2020-05-18,"EC",2052,58,1174
2020-05-19,"EC",2135,59,1255
2020-05-20,"EC",2215,60,1134
2020-05-21,"EC",2324,61,1238
2020-05-22,"EC",2459,62,1370
2020-05-23,"EC",2569,63,1475
2020-05-24,"EC",2690,64,1296
2020-05-25,"EC",2748,65,1352
2020-05-26,"EC",2864,66,1303
2020-05-27,"EC",3047,67,1486
2020-05-28,"EC",3306,68,1529
2020-05-29,"EC",3583,69,1803
2020-05-30,"EC",3759,70,1690
2020-05-31,"EC",3927,71,1858
2020-06-01,"EC",4111,72,1906
2020-06-02,"EC",4324,73,2113
2020-06-03,"EC",4526,74,2308
2020-06-04,"EC",4936,75,2381
2020-06-05,"EC",5240,76,2685
2020-06-06,"EC",5629,77,2862
2020-06-07,"EC",5974,78,3207
2020-06-08,"EC",6341,79,3548
2020-06-09,"EC",6760,80,3108
2020-06-10,"EC",7154,81,3360
2020-06-11,"EC",7868,82,4043
2020-06-12,"EC",8615,83,4014
2020-06-13,"EC",9250,84,4474
2020-06-14,"EC",10027,85,4556
2020-06-15,"EC",10597,86,5030
2020-06-16,"EC",11039,87,5319
2020-06-17,"EC",11919,88,5823
2020-06-18,"EC",12639,89,6051
2020-06-19,"EC",13506,90,6918
2020-06-20,"EC",14721,91,6983
2020-06-21,"EC",15751,92,7728
2020-06-22,"EC",16895,93,8557
2020-06-23,"EC",18108,94,9518
2020-06-24,"EC",19214,95,9200
2020-06-25,"EC",20487,96,9685
2020-06-26,"EC",21938,97,10218
2020-06-27,"EC",23658,98,11082
2020-06-28,"EC",25099,99,12145
2020-06-29,"EC",26195,100,12974
2020-06-30,"EC",27686,101,13183
2020-07-01,"EC",29340,102,14517
2020-07-02,"EC",30603,103,14309
2020-07-03,"EC",32157,104,14295
2020-07-04,"EC",34161,105,14691
2020-07-05,"EC",35648,106,15639
2020-07-06,"EC",38081,107,17690
2020-07-07,"EC",40401,108,17815
2020-07-08,"EC",42357,109,17471
2020-07-09,"EC",44432,110,19518
2020-07-10,"EC",46284,111,16747
2020-07-11,"EC",48232,112,16651
2020-07-12,"EC",50300,113,18028
2020-07-13,"EC",52058,114,19266
2020-07-14,"EC",53959,115,18527
2020-07-15,"EC",55584,116,17466
2020-07-16,"EC",57186,117,16558
2020-07-17,"EC",58860,118,16381
2020-07-18,"EC",60976,119,16480
2020-07-19,"EC",63181,120,18039
2020-07-20,"EC",65316,121,19638
2020-07-21,"EC",66759,122,18551
2020-07-22,"EC",67818,123,16535
2020-07-23,"EC",69445,124,14461
2020-07-24,"EC",71338,125,14240
2020-07-25,"EC",72772,126,13791
2020-07-26,"EC",73585,127,13838
2020-07-27,"EC",74231,128,14012
2020-07-28,"EC",75067,129,12777
2020-07-29,"EC",75872,130,11922
2020-07-30,"EC",77055,131,11452
2020-07-31,"EC",77938,132,10718
2020-08-01,"EC",78782,133,10495
2020-08-02,"EC",79410,134,8989
2020-08-03,"EC",79674,135,7811
2020-08-04,"EC",79844,136,6592
2020-08-05,"EC",80400,137,5863
2020-03-05,"FS",0,-15,0
2020-03-07,"FS",0,-13,0
2020-03-08,"FS",0,-12,0
2020-03-09,"FS",0,-11,0
2020-03-11,"FS",0,-9,0
2020-03-12,"FS",0,-8,0
2020-03-13,"FS",0,-7,0
2020-03-14,"FS",0,-6,0
2020-03-15,"FS",0,-5,0
2020-03-16,"FS",0,-4,0
2020-03-17,"FS",0,-3,0
2020-03-18,"FS",0,-2,0
2020-03-19,"FS",0,-1,0
2020-03-20,"FS",7,0,7
2020-03-21,"FS",7,1,7
2020-03-22,"FS",9,2,9
2020-03-23,"FS",13,3,13
2020-03-24,"FS",18,4,18
2020-03-25,"FS",30,5,30
2020-03-26,"FS",49,6,49
2020-03-27,"FS",NA,7,NA
2020-03-28,"FS",68,8,68
2020-03-29,"FS",72,9,72
2020-03-30,"FS",72,10,71
2020-03-31,"FS",74,11,73
2020-04-01,"FS",76,12,76
2020-04-02,"FS",84,13,84
2020-04-03,"FS",84,14,83
2020-04-04,"FS",85,15,85
2020-04-05,"FS",87,16,86
2020-04-06,"FS",89,17,88
2020-04-07,"FS",NA,18,NA
2020-04-08,"FS",88,19,85
2020-04-09,"FS",93,20,90
2020-04-10,"FS",94,21,91
2020-04-11,"FS",94,22,91
2020-04-12,"FS",96,23,93
2020-04-13,"FS",96,24,93
2020-04-14,"FS",98,25,95
2020-04-15,"FS",97,26,94
2020-04-16,"FS",98,27,94
2020-04-17,"FS",100,28,25
2020-04-18,"FS",100,29,25
2020-04-19,"FS",100,30,25
2020-04-20,"FS",105,31,26
2020-04-21,"FS",106,32,27
2020-04-22,"FS",106,33,27
2020-04-23,"FS",106,34,25
2020-04-24,"FS",111,35,30
2020-04-25,"FS",111,36,30
2020-04-26,"FS",110,37,29
2020-04-27,"FS",111,38,30
2020-04-28,"FS",113,39,32
2020-04-29,"FS",113,40,108
2020-04-30,"FS",116,41,111
2020-05-01,"FS",118,42,113
2020-05-02,"FS",121,43,19
2020-05-03,"FS",122,44,20
2020-05-04,"FS",125,45,23
2020-05-05,"FS",128,46,26
2020-05-06,"FS",130,47,22
2020-05-07,"FS",134,48,26
2020-05-08,"FS",133,49,25
2020-05-09,"FS",134,50,128
2020-05-10,"FS",135,51,24
2020-05-11,"FS",135,52,129
2020-05-12,"FS",135,53,129
2020-05-13,"FS",138,54,25
2020-05-14,"FS",145,55,31
2020-05-15,"FS",151,56,37
2020-05-16,"FS",153,57,39
2020-05-17,"FS",158,58,44
2020-05-18,"FS",163,59,49
2020-05-19,"FS",168,60,44
2020-05-20,"FS",180,61,56
2020-05-21,"FS",184,62,60
2020-05-22,"FS",185,63,58
2020-05-23,"FS",196,64,69
2020-05-24,"FS",202,65,75
2020-05-25,"FS",208,66,81
2020-05-26,"FS",206,67,77
2020-05-27,"FS",221,68,92
2020-05-28,"FS",225,69,94
2020-05-29,"FS",231,70,99
2020-05-30,"FS",261,71,130
2020-05-31,"FS",278,72,146
2020-06-01,"FS",285,73,154
2020-06-02,"FS",299,74,168
2020-06-03,"FS",319,75,188
2020-06-04,"FS",322,76,185
2020-06-05,"FS",336,77,204
2020-06-06,"FS",348,78,187
2020-06-07,"FS",361,79,200
2020-06-08,"FS",373,80,212
2020-06-09,"FS",391,81,220
2020-06-10,"FS",401,82,230
2020-06-11,"FS",406,83,235
2020-06-12,"FS",435,84,237
2020-06-13,"FS",457,85,259
2020-06-14,"FS",495,86,264
2020-06-15,"FS",512,87,281
2020-06-16,"FS",578,88,347
2020-06-17,"FS",608,89,377
2020-06-18,"FS",649,90,405
2020-06-19,"FS",658,91,414
2020-06-20,"FS",700,92,455
2020-06-21,"FS",733,93,460
2020-06-22,"FS",772,94,499
2020-06-23,"FS",814,95,541
2020-06-24,"FS",889,96,616
2020-06-25,"FS",976,97,649
2020-06-26,"FS",1069,98,742
2020-06-27,"FS",1160,99,795
2020-06-28,"FS",1279,100,914
2020-06-29,"FS",1377,101,983
2020-06-30,"FS",1514,102,1120
2020-07-01,"FS",1672,103,1277
2020-07-02,"FS",1886,104,1491
2020-07-03,"FS",2130,105,1725
2020-07-04,"FS",2376,106,1930
2020-07-05,"FS",2553,107,2079
2020-07-06,"FS",2804,108,2306
2020-07-07,"FS",3034,109,2487
2020-07-08,"FS",3259,110,2712
2020-07-09,"FS",3724,111,3076
2020-07-10,"FS",4221,112,3573
2020-07-11,"FS",4679,113,3979
2020-07-12,"FS",5224,114,4524
2020-07-13,"FS",5632,115,4851
2020-07-14,"FS",5973,116,5192
2020-07-15,"FS",6561,117,5558
2020-07-16,"FS",7312,118,6234
2020-07-17,"FS",8290,119,7210
2020-07-18,"FS",9004,120,7924
2020-07-19,"FS",9993,121,8913
2020-07-20,"FS",10727,122,9542
2020-07-21,"FS",11352,123,10023
2020-07-22,"FS",12332,124,10955
2020-07-23,"FS",13443,125,11560
2020-07-24,"FS",14542,126,12606
2020-07-25,"FS",15512,127,13385
2020-07-26,"FS",16482,128,14344
2020-07-27,"FS",17222,129,14981
2020-07-28,"FS",18134,130,15802
2020-07-29,"FS",19207,131,16875
2020-07-30,"FS",20398,132,18066
2020-07-31,"FS",21262,133,14045
2020-08-01,"FS",22308,134,13257
2020-08-02,"FS",23099,135,13997
2020-08-03,"FS",23705,136,13351
2020-08-04,"FS",24333,137,13546
2020-08-05,"FS",25232,138,14323
2020-03-05,"GP",0,-2,0
2020-03-07,"GP",1,0,1
2020-03-08,"GP",1,1,1
2020-03-09,"GP",1,2,1
2020-03-11,"GP",5,4,5
2020-03-12,"GP",6,5,6
2020-03-13,"GP",10,6,10
2020-03-14,"GP",17,7,17
2020-03-15,"GP",24,8,24
2020-03-16,"GP",31,9,31
2020-03-17,"GP",45,10,45
2020-03-18,"GP",61,11,61
2020-03-19,"GP",76,12,76
2020-03-20,"GP",109,13,109
2020-03-21,"GP",125,14,125
2020-03-22,"GP",132,15,132
2020-03-23,"GP",207,16,207
2020-03-24,"GP",302,17,302
2020-03-25,"GP",319,18,319
2020-03-26,"GP",409,19,409
2020-03-27,"GP",NA,20,NA
2020-03-28,"GP",533,21,533
2020-03-29,"GP",584,22,584
2020-03-30,"GP",618,23,618
2020-03-31,"GP",633,24,632
2020-04-01,"GP",645,25,645
2020-04-02,"GP",663,26,663
2020-04-03,"GP",672,27,671
2020-04-04,"GP",693,28,693
2020-04-05,"GP",704,29,703
2020-04-06,"GP",713,30,712
2020-04-07,"GP",NA,31,NA
2020-04-08,"GP",782,32,779
2020-04-09,"GP",795,33,792
2020-04-10,"GP",801,34,798
2020-04-11,"GP",813,35,810
2020-04-12,"GP",865,36,862
2020-04-13,"GP",890,37,886
2020-04-14,"GP",909,38,905
2020-04-15,"GP",930,39,925
2020-04-16,"GP",969,40,963
2020-04-17,"GP",1018,41,533
2020-04-18,"GP",1101,42,616
2020-04-19,"GP",1148,43,663
2020-04-20,"GP",1170,44,618
2020-04-21,"GP",1199,45,647
2020-04-22,"GP",1224,46,672
2020-04-23,"GP",1252,47,401
2020-04-24,"GP",1281,48,430
2020-04-25,"GP",1304,49,453
2020-04-26,"GP",1331,50,480
2020-04-27,"GP",1353,51,502
2020-04-28,"GP",1377,52,526
2020-04-29,"GP",1408,53,1397
2020-04-30,"GP",1446,54,1435
2020-05-01,"GP",1507,55,1496
2020-05-02,"GP",1598,56,638
2020-05-03,"GP",1624,57,662
2020-05-04,"GP",1651,58,658
2020-05-05,"GP",1697,59,703
2020-05-06,"GP",1720,60,669
2020-05-07,"GP",1804,61,753
2020-05-08,"GP",1851,62,797
2020-05-09,"GP",1910,63,1891
2020-05-10,"GP",1952,64,683
2020-05-11,"GP",1971,65,1949
2020-05-12,"GP",2014,66,1992
2020-05-13,"GP",2074,67,707
2020-05-14,"GP",2135,68,564
2020-05-15,"GP",2210,69,634
2020-05-16,"GP",2262,70,654
2020-05-17,"GP",2329,71,721
2020-05-18,"GP",2343,72,660
2020-05-19,"GP",2361,73,663
2020-05-20,"GP",2400,74,679
2020-05-21,"GP",2453,75,732
2020-05-22,"GP",2521,76,716
2020-05-23,"GP",2633,77,828
2020-05-24,"GP",2773,78,904
2020-05-25,"GP",2993,79,1064
2020-05-26,"GP",3043,80,1093
2020-05-27,"GP",3167,81,1181
2020-05-28,"GP",3329,82,1305
2020-05-29,"GP",3583,83,1533
2020-05-30,"GP",3773,84,1707
2020-05-31,"GP",4003,85,1910
2020-06-01,"GP",4231,86,2138
2020-06-02,"GP",4276,87,2183
2020-06-03,"GP",4567,88,2365
2020-06-04,"GP",4845,89,2590
2020-06-05,"GP",5215,90,2831
2020-06-06,"GP",5626,91,3235
2020-06-07,"GP",5946,92,3471
2020-06-08,"GP",6258,93,3783
2020-06-09,"GP",6546,94,3914
2020-06-10,"GP",7195,95,4313
2020-06-11,"GP",7953,96,5071
2020-06-12,"GP",8781,97,5776
2020-06-13,"GP",9897,98,6741
2020-06-14,"GP",11164,99,7876
2020-06-15,"GP",12193,100,8758
2020-06-16,"GP",13023,101,9494
2020-06-17,"GP",14620,102,10817
2020-06-18,"GP",15898,103,12055
2020-06-19,"GP",17261,104,13146
2020-06-20,"GP",18978,105,14591
2020-06-21,"GP",20822,106,16027
2020-06-22,"GP",22341,107,16599
2020-06-23,"GP",24041,108,18299
2020-06-24,"GP",26156,109,20153
2020-06-25,"GP",28746,110,22741
2020-06-26,"GP",31344,111,24063
2020-06-27,"GP",34285,112,26407
2020-06-28,"GP",36895,113,28141
2020-06-29,"GP",39841,114,29923
2020-06-30,"GP",42881,115,32131
2020-07-01,"GP",45944,116,35166
2020-07-02,"GP",49937,117,36698
2020-07-03,"GP",54331,118,39952
2020-07-04,"GP",59373,119,43156
2020-07-05,"GP",63404,120,46164
2020-07-06,"GP",66891,121,46709
2020-07-07,"GP",71488,122,51231
2020-07-08,"GP",75015,123,54758
2020-07-09,"GP",81546,124,57227
2020-07-10,"GP",87033,125,62675
2020-07-11,"GP",93044,126,63426
2020-07-12,"GP",98431,127,64829
2020-07-13,"GP",103713,128,69555
2020-07-14,"GP",107070,129,70198
2020-07-15,"GP",112714,130,66204
2020-07-16,"GP",117895,131,71299
2020-07-17,"GP",123408,132,71235
2020-07-18,"GP",128604,133,76392
2020-07-19,"GP",133617,134,74119
2020-07-20,"GP",136879,135,77368
2020-07-21,"GP",139435,136,71959
2020-07-22,"GP",144582,137,66029
2020-07-23,"GP",148854,138,70270
2020-07-24,"GP",153020,139,69568
2020-07-25,"GP",156821,140,62940
2020-07-26,"GP",160154,141,66244
2020-07-27,"GP",162319,142,63209
2020-07-28,"GP",164584,143,60290
2020-07-29,"GP",168369,144,60919
2020-07-30,"GP",171574,145,58581
2020-07-31,"GP",175272,146,56138
2020-08-01,"GP",178119,147,49260
2020-08-02,"GP",180532,148,51633
2020-08-03,"GP",181946,149,53010
2020-08-04,"GP",183090,150,54038
2020-08-05,"GP",185282,151,53594
2020-03-05,"KZN",1,0,1
2020-03-07,"KZN",1,2,1
2020-03-08,"KZN",2,3,2
2020-03-09,"KZN",6,4,6
2020-03-11,"KZN",7,6,7
2020-03-12,"KZN",8,7,8
2020-03-13,"KZN",10,8,10
2020-03-14,"KZN",11,9,11
2020-03-15,"KZN",12,10,12
2020-03-16,"KZN",12,11,12
2020-03-17,"KZN",16,12,16
2020-03-18,"KZN",19,13,19
2020-03-19,"KZN",22,14,22
2020-03-20,"KZN",23,15,23
2020-03-21,"KZN",26,16,26
2020-03-22,"KZN",35,17,35
2020-03-23,"KZN",60,18,60
2020-03-24,"KZN",80,19,80
2020-03-25,"KZN",91,20,91
2020-03-26,"KZN",134,21,134
2020-03-27,"KZN",NA,22,NA
2020-03-28,"KZN",156,23,155
2020-03-29,"KZN",167,24,167
2020-03-30,"KZN",171,25,170
2020-03-31,"KZN",179,26,177
2020-04-01,"KZN",186,27,186
2020-04-02,"KZN",206,28,206
2020-04-03,"KZN",215,29,209
2020-04-04,"KZN",232,30,232
2020-04-05,"KZN",246,31,239
2020-04-06,"KZN",257,32,250
2020-04-07,"KZN",NA,33,NA
2020-04-08,"KZN",354,34,345
2020-04-09,"KZN",387,35,378
2020-04-10,"KZN",412,36,400
2020-04-11,"KZN",418,37,406
2020-04-12,"KZN",443,38,431
2020-04-13,"KZN",465,39,453
2020-04-14,"KZN",489,40,477
2020-04-15,"KZN",519,41,501
2020-04-16,"KZN",539,42,519
2020-04-17,"KZN",591,43,475
2020-04-18,"KZN",604,44,487
2020-04-19,"KZN",617,45,499
2020-04-20,"KZN",639,46,465
2020-04-21,"KZN",671,47,497
2020-04-22,"KZN",758,48,582
2020-04-23,"KZN",807,49,539
2020-04-24,"KZN",841,50,571
2020-04-25,"KZN",841,51,571
2020-04-26,"KZN",863,52,593
2020-04-27,"KZN",902,53,631
2020-04-28,"KZN",919,54,648
2020-04-29,"KZN",956,55,924
2020-04-30,"KZN",980,56,948
2020-05-01,"KZN",1006,57,974
2020-05-02,"KZN",1051,58,642
2020-05-03,"KZN",1076,59,667
2020-05-04,"KZN",1106,60,656
2020-05-05,"KZN",1142,61,691
2020-05-06,"KZN",1149,62,691
2020-05-07,"KZN",1204,63,744
2020-05-08,"KZN",1253,64,791
2020-05-09,"KZN",1308,65,1266
2020-05-10,"KZN",1353,66,704
2020-05-11,"KZN",1372,67,1328
2020-05-12,"KZN",1394,68,1350
2020-05-13,"KZN",1413,69,751
2020-05-14,"KZN",1444,70,711
2020-05-15,"KZN",1482,71,642
2020-05-16,"KZN",1498,72,647
2020-05-17,"KZN",1543,73,681
2020-05-18,"KZN",1567,74,704
2020-05-19,"KZN",1616,75,752
2020-05-20,"KZN",1650,76,762
2020-05-21,"KZN",1693,77,805
2020-05-22,"KZN",1735,78,808
2020-05-23,"KZN",1777,79,849
2020-05-24,"KZN",1815,80,655
2020-05-25,"KZN",1882,81,665
2020-05-26,"KZN",1927,82,698
2020-05-27,"KZN",2186,83,957
2020-05-28,"KZN",2349,84,1119
2020-05-29,"KZN",2428,85,1198
2020-05-30,"KZN",2476,86,1244
2020-05-31,"KZN",2545,87,1245
2020-06-01,"KZN",2565,88,1265
2020-06-02,"KZN",2637,89,1336
2020-06-03,"KZN",2707,90,1405
2020-06-04,"KZN",2869,91,1554
2020-06-05,"KZN",2936,92,1503
2020-06-06,"KZN",3016,93,1577
2020-06-07,"KZN",3108,94,1669
2020-06-08,"KZN",3175,95,1735
2020-06-09,"KZN",3255,96,1627
2020-06-10,"KZN",3347,97,1711
2020-06-11,"KZN",3472,98,1836
2020-06-12,"KZN",3573,99,1937
2020-06-13,"KZN",3763,100,1889
2020-06-14,"KZN",3874,101,1995
2020-06-15,"KZN",3959,102,2080
2020-06-16,"KZN",4048,103,1842
2020-06-17,"KZN",4238,104,2032
2020-06-18,"KZN",4360,105,2154
2020-06-19,"KZN",4548,106,1941
2020-06-20,"KZN",4806,107,2196
2020-06-21,"KZN",5030,108,2352
2020-06-22,"KZN",5278,109,2422
2020-06-23,"KZN",5625,110,2685
2020-06-24,"KZN",6075,111,3037
2020-06-25,"KZN",6590,112,3537
2020-06-26,"KZN",7090,113,3787
2020-06-27,"KZN",7786,114,4260
2020-06-28,"KZN",8433,115,4907
2020-06-29,"KZN",9041,116,5324
2020-06-30,"KZN",9674,117,5946
2020-07-01,"KZN",10632,118,6726
2020-07-02,"KZN",11669,119,7406
2020-07-03,"KZN",12757,120,8398
2020-07-04,"KZN",13984,121,9625
2020-07-05,"KZN",15146,122,10766
2020-07-06,"KZN",15819,123,10825
2020-07-07,"KZN",16743,124,11648
2020-07-08,"KZN",17962,125,12432
2020-07-09,"KZN",19630,126,13876
2020-07-10,"KZN",21386,127,15173
2020-07-11,"KZN",23753,128,17459
2020-07-12,"KZN",25572,129,19271
2020-07-13,"KZN",27387,130,19580
2020-07-14,"KZN",30587,131,22753
2020-07-15,"KZN",32939,132,23654
2020-07-16,"KZN",35604,133,26278
2020-07-17,"KZN",37722,134,26941
2020-07-18,"KZN",40086,135,29061
2020-07-19,"KZN",43215,136,31744
2020-07-20,"KZN",45614,137,31691
2020-07-21,"KZN",47685,138,33306
2020-07-22,"KZN",50521,139,31977
2020-07-23,"KZN",53406,140,34105
2020-07-24,"KZN",57162,141,37811
2020-07-25,"KZN",60532,142,38679
2020-07-26,"KZN",64061,143,42196
2020-07-27,"KZN",65982,144,41009
2020-07-28,"KZN",68101,145,39734
2020-07-29,"KZN",71240,146,38045
2020-07-30,"KZN",73919,147,40669
2020-07-31,"KZN",76706,148,40790
2020-08-01,"KZN",79607,149,42405
2020-08-02,"KZN",82300,150,44298
2020-08-03,"KZN",84361,151,39208
2020-08-04,"KZN",85986,152,40346
2020-08-05,"KZN",87798,153,34903
2020-03-05,"LP",0,-11,0
2020-03-07,"LP",0,-9,0
2020-03-08,"LP",0,-8,0
2020-03-09,"LP",0,-7,0
2020-03-11,"LP",0,-5,0
2020-03-12,"LP",0,-4,0
2020-03-13,"LP",0,-3,0
2020-03-14,"LP",0,-2,0
2020-03-15,"LP",0,-1,0
2020-03-16,"LP",1,0,1
2020-03-17,"LP",1,1,1
2020-03-18,"LP",1,2,1
2020-03-19,"LP",1,3,1
2020-03-20,"LP",1,4,1
2020-03-21,"LP",1,5,1
2020-03-22,"LP",2,6,2
2020-03-23,"LP",4,7,4
2020-03-24,"LP",4,8,4
2020-03-25,"LP",4,9,4
2020-03-26,"LP",6,10,6
2020-03-27,"LP",NA,11,NA
2020-03-28,"LP",11,12,11
2020-03-29,"LP",12,13,12
2020-03-30,"LP",11,14,11
2020-03-31,"LP",14,15,14
2020-04-01,"LP",14,16,14
2020-04-02,"LP",16,17,16
2020-04-03,"LP",16,18,16
2020-04-04,"LP",18,19,18
2020-04-05,"LP",19,20,19
2020-04-06,"LP",19,21,19
2020-04-07,"LP",NA,22,NA
2020-04-08,"LP",21,23,21
2020-04-09,"LP",22,24,22
2020-04-10,"LP",24,25,24
2020-04-11,"LP",23,26,23
2020-04-12,"LP",23,27,23
2020-04-13,"LP",23,28,23
2020-04-14,"LP",24,29,24
2020-04-15,"LP",25,30,25
2020-04-16,"LP",26,31,25
2020-04-17,"LP",26,32,7
2020-04-18,"LP",26,33,7
2020-04-19,"LP",27,34,8
2020-04-20,"LP",27,35,5
2020-04-21,"LP",27,36,5
2020-04-22,"LP",27,37,5
2020-04-23,"LP",27,38,2
2020-04-24,"LP",29,39,4
2020-04-25,"LP",30,40,4
2020-04-26,"LP",31,41,5
2020-04-27,"LP",31,42,5
2020-04-28,"LP",31,43,5
2020-04-29,"LP",31,44,29
2020-04-30,"LP",32,45,30
2020-05-01,"LP",34,46,32
2020-05-02,"LP",36,47,9
2020-05-03,"LP",37,48,10
2020-05-04,"LP",39,49,10
2020-05-05,"LP",40,50,11
2020-05-06,"LP",40,51,10
2020-05-07,"LP",41,52,11
2020-05-08,"LP",43,53,13
2020-05-09,"LP",51,54,48
2020-05-10,"LP",54,55,23
2020-05-11,"LP",54,56,51
2020-05-12,"LP",54,57,51
2020-05-13,"LP",54,58,21
2020-05-14,"LP",55,59,17
2020-05-15,"LP",57,60,18
2020-05-16,"LP",59,61,19
2020-05-17,"LP",77,62,37
2020-05-18,"LP",88,63,48
2020-05-19,"LP",94,64,52
2020-05-20,"LP",93,65,48
2020-05-21,"LP",121,66,76
2020-05-22,"LP",120,67,66
2020-05-23,"LP",124,68,70
2020-05-24,"LP",128,69,72
2020-05-25,"LP",132,70,74
2020-05-26,"LP",132,71,64
2020-05-27,"LP",141,72,71
2020-05-28,"LP",144,73,66
2020-05-29,"LP",170,74,70
2020-05-30,"LP",173,75,30
2020-05-31,"LP",177,76,31
2020-06-01,"LP",192,77,45
2020-06-02,"LP",193,78,45
2020-06-03,"LP",200,79,52
2020-06-04,"LP",206,80,57
2020-06-05,"LP",215,81,63
2020-06-06,"LP",216,82,55
2020-06-07,"LP",227,83,66
2020-06-08,"LP",244,84,83
2020-06-09,"LP",253,85,92
2020-06-10,"LP",257,86,79
2020-06-11,"LP",267,87,89
2020-06-12,"LP",288,88,109
2020-06-13,"LP",309,89,120
2020-06-14,"LP",326,90,137
2020-06-15,"LP",362,91,159
2020-06-16,"LP",391,92,174
2020-06-17,"LP",416,93,194
2020-06-18,"LP",489,94,256
2020-06-19,"LP",503,95,263
2020-06-20,"LP",521,96,281
2020-06-21,"LP",564,97,314
2020-06-22,"LP",582,98,320
2020-06-23,"LP",622,99,347
2020-06-24,"LP",670,100,362
2020-06-25,"LP",730,101,396
2020-06-26,"LP",798,102,445
2020-06-27,"LP",862,103,470
2020-06-28,"LP",935,104,517
2020-06-29,"LP",1011,105,567
2020-06-30,"LP",1131,106,601
2020-07-01,"LP",1175,107,645
2020-07-02,"LP",1286,108,706
2020-07-03,"LP",1408,109,804
2020-07-04,"LP",1559,110,955
2020-07-05,"LP",1706,111,1061
2020-07-06,"LP",1785,112,1105
2020-07-07,"LP",1950,113,1252
2020-07-08,"LP",2131,114,1433
2020-07-09,"LP",2381,115,1683
2020-07-10,"LP",2579,116,1881
2020-07-11,"LP",2835,117,1811
2020-07-12,"LP",3014,118,1834
2020-07-13,"LP",3316,119,2136
2020-07-14,"LP",3458,120,2278
2020-07-15,"LP",3645,121,2120
2020-07-16,"LP",3883,122,2358
2020-07-17,"LP",4160,123,2442
2020-07-18,"LP",4490,124,2590
2020-07-19,"LP",4928,125,2853
2020-07-20,"LP",5156,126,2979
2020-07-21,"LP",5355,127,2804
2020-07-22,"LP",5712,128,3161
2020-07-23,"LP",6068,129,3254
2020-07-24,"LP",6394,130,3339
2020-07-25,"LP",6732,131,3456
2020-07-26,"LP",7076,132,3543
2020-07-27,"LP",7260,133,3628
2020-07-28,"LP",7502,134,3870
2020-07-29,"LP",7840,135,4136
2020-07-30,"LP",8240,136,3473
2020-07-31,"LP",8565,137,3454
2020-08-01,"LP",8879,138,3768
2020-08-02,"LP",9044,139,3442
2020-08-03,"LP",9204,140,3590
2020-08-04,"LP",9389,141,3775
2020-08-05,"LP",9625,142,3915
2020-03-05,"MP",0,-7,0
2020-03-07,"MP",0,-5,0
2020-03-08,"MP",0,-4,0
2020-03-09,"MP",0,-3,0
2020-03-11,"MP",0,-1,0
2020-03-12,"MP",1,0,1
2020-03-13,"MP",1,1,1
2020-03-14,"MP",1,2,1
2020-03-15,"MP",1,3,1
2020-03-16,"MP",2,4,2
2020-03-17,"MP",2,5,2
2020-03-18,"MP",4,6,4
2020-03-19,"MP",5,7,5
2020-03-20,"MP",5,8,5
2020-03-21,"MP",5,9,5
2020-03-22,"MP",5,10,5
2020-03-23,"MP",9,11,9
2020-03-24,"MP",9,12,9
2020-03-25,"MP",8,13,8
2020-03-26,"MP",9,14,9
2020-03-27,"MP",NA,15,NA
2020-03-28,"MP",10,16,10
2020-03-29,"MP",11,17,11
2020-03-30,"MP",11,18,11
2020-03-31,"MP",12,19,12
2020-04-01,"MP",12,20,12
2020-04-02,"MP",13,21,13
2020-04-03,"MP",13,22,13
2020-04-04,"MP",18,23,18
2020-04-05,"MP",18,24,18
2020-04-06,"MP",18,25,18
2020-04-07,"MP",NA,26,NA
2020-04-08,"MP",21,27,21
2020-04-09,"MP",20,28,20
2020-04-10,"MP",20,29,20
2020-04-11,"MP",20,30,20
2020-04-12,"MP",21,31,21
2020-04-13,"MP",22,32,22
2020-04-14,"MP",22,33,22
2020-04-15,"MP",22,34,22
2020-04-16,"MP",22,35,22
2020-04-17,"MP",23,36,14
2020-04-18,"MP",25,37,16
2020-04-19,"MP",23,38,14
2020-04-20,"MP",23,39,9
2020-04-21,"MP",24,40,10
2020-04-22,"MP",23,41,9
2020-04-23,"MP",23,42,8
2020-04-24,"MP",24,43,9
2020-04-25,"MP",23,44,8
2020-04-26,"MP",23,45,8
2020-04-27,"MP",26,46,11
2020-04-28,"MP",26,47,11
2020-04-29,"MP",31,48,31
2020-04-30,"MP",36,49,36
2020-05-01,"MP",35,50,35
2020-05-02,"MP",40,51,22
2020-05-03,"MP",46,52,28
2020-05-04,"MP",53,53,31
2020-05-05,"MP",57,54,35
2020-05-06,"MP",57,55,35
2020-05-07,"MP",59,56,37
2020-05-08,"MP",60,57,38
2020-05-09,"MP",61,58,61
2020-05-10,"MP",61,59,39
2020-05-11,"MP",63,60,63
2020-05-12,"MP",63,61,63
2020-05-13,"MP",66,62,42
2020-05-14,"MP",67,63,33
2020-05-15,"MP",67,64,23
2020-05-16,"MP",68,65,19
2020-05-17,"MP",71,66,22
2020-05-18,"MP",76,67,23
2020-05-19,"MP",78,68,21
2020-05-20,"MP",93,69,35
2020-05-21,"MP",95,70,37
2020-05-22,"MP",98,71,40
2020-05-23,"MP",97,72,39
2020-05-24,"MP",101,73,43
2020-05-25,"MP",103,74,42
2020-05-26,"MP",103,75,42
2020-05-27,"MP",106,76,44
2020-05-28,"MP",111,77,44
2020-05-29,"MP",112,78,45
2020-05-30,"MP",113,79,46
2020-05-31,"MP",121,80,49
2020-06-01,"MP",131,81,45
2020-06-02,"MP",132,82,46
2020-06-03,"MP",137,83,51
2020-06-04,"MP",144,84,58
2020-06-05,"MP",169,85,75
2020-06-06,"MP",181,86,87
2020-06-07,"MP",189,87,86
2020-06-08,"MP",183,88,80
2020-06-09,"MP",184,89,72
2020-06-10,"MP",207,90,90
2020-06-11,"MP",228,91,111
2020-06-12,"MP",243,92,126
2020-06-13,"MP",271,93,154
2020-06-14,"MP",297,94,164
2020-06-15,"MP",322,95,183
2020-06-16,"MP",343,96,204
2020-06-17,"MP",391,97,244
2020-06-18,"MP",461,98,304
2020-06-19,"MP",505,99,348
2020-06-20,"MP",544,100,387
2020-06-21,"MP",573,101,396
2020-06-22,"MP",596,102,414
2020-06-23,"MP",662,103,479
2020-06-24,"MP",713,104,512
2020-06-25,"MP",783,105,574
2020-06-26,"MP",855,106,614
2020-06-27,"MP",925,107,684
2020-06-28,"MP",1015,108,676
2020-06-29,"MP",1089,109,710
2020-06-30,"MP",1190,110,719
2020-07-01,"MP",1306,111,812
2020-07-02,"MP",1478,112,951
2020-07-03,"MP",1611,113,1019
2020-07-04,"MP",1818,114,1190
2020-07-05,"MP",1965,115,1337
2020-07-06,"MP",2173,116,1515
2020-07-07,"MP",2353,117,1678
2020-07-08,"MP",2528,118,1838
2020-07-09,"MP",2902,119,2101
2020-07-10,"MP",3273,120,2472
2020-07-11,"MP",3621,121,2689
2020-07-12,"MP",3977,122,3045
2020-07-13,"MP",4299,123,3356
2020-07-14,"MP",4576,124,3364
2020-07-15,"MP",5051,125,3718
2020-07-16,"MP",5572,126,4068
2020-07-17,"MP",6073,127,4432
2020-07-18,"MP",6644,128,4807
2020-07-19,"MP",7129,129,5127
2020-07-20,"MP",7424,130,5213
2020-07-21,"MP",7664,131,5264
2020-07-22,"MP",8286,132,4799
2020-07-23,"MP",8987,133,4917
2020-07-24,"MP",9756,134,5301
2020-07-25,"MP",10417,135,5370
2020-07-26,"MP",11008,136,5961
2020-07-27,"MP",11386,137,5827
2020-07-28,"MP",11552,138,5675
2020-07-29,"MP",12442,139,5984
2020-07-30,"MP",13280,140,6361
2020-07-31,"MP",14101,141,7169
2020-08-01,"MP",14681,142,6479
2020-08-02,"MP",15120,143,6368
2020-08-03,"MP",15395,144,6598
2020-08-04,"MP",15716,145,4857
2020-08-05,"MP",17135,146,5364
2020-03-05,"NC",0,-18,0
2020-03-07,"NC",0,-16,0
2020-03-08,"NC",0,-15,0
2020-03-09,"NC",0,-14,0
2020-03-11,"NC",0,-12,0
2020-03-12,"NC",0,-11,0
2020-03-13,"NC",0,-10,0
2020-03-14,"NC",0,-9,0
2020-03-15,"NC",0,-8,0
2020-03-16,"NC",0,-7,0
2020-03-17,"NC",0,-6,0
2020-03-18,"NC",0,-5,0
2020-03-19,"NC",0,-4,0
2020-03-20,"NC",0,-3,0
2020-03-21,"NC",0,-2,0
2020-03-22,"NC",0,-1,0
2020-03-23,"NC",2,0,2
2020-03-24,"NC",2,1,2
2020-03-25,"NC",2,2,2
2020-03-26,"NC",2,3,2
2020-03-27,"NC",NA,4,NA
2020-03-28,"NC",5,5,5
2020-03-29,"NC",6,6,6
2020-03-30,"NC",3,7,3
2020-03-31,"NC",6,8,6
2020-04-01,"NC",7,9,7
2020-04-02,"NC",7,10,7
2020-04-03,"NC",7,11,7
2020-04-04,"NC",7,12,7
2020-04-05,"NC",8,13,8
2020-04-06,"NC",8,14,8
2020-04-07,"NC",NA,15,NA
2020-04-08,"NC",13,16,13
2020-04-09,"NC",15,17,15
2020-04-10,"NC",15,18,15
2020-04-11,"NC",16,19,16
2020-04-12,"NC",16,20,16
2020-04-13,"NC",16,21,16
2020-04-14,"NC",16,22,16
2020-04-15,"NC",16,23,16
2020-04-16,"NC",16,24,16
2020-04-17,"NC",16,25,6
2020-04-18,"NC",16,26,6
2020-04-19,"NC",16,27,6
2020-04-20,"NC",18,28,5
2020-04-21,"NC",16,29,3
2020-04-22,"NC",16,30,3
2020-04-23,"NC",16,31,3
2020-04-24,"NC",16,32,3
2020-04-25,"NC",16,33,3
2020-04-26,"NC",17,34,4
2020-04-27,"NC",17,35,4
2020-04-28,"NC",17,36,4
2020-04-29,"NC",17,37,17
2020-04-30,"NC",17,38,17
2020-05-01,"NC",18,39,18
2020-05-02,"NC",23,40,3
2020-05-03,"NC",24,41,4
2020-05-04,"NC",25,42,5
2020-05-05,"NC",26,43,6
2020-05-06,"NC",26,44,6
2020-05-07,"NC",27,45,7
2020-05-08,"NC",27,46,7
2020-05-09,"NC",28,47,28
2020-05-10,"NC",29,48,6
2020-05-11,"NC",30,49,30
2020-05-12,"NC",30,50,30
2020-05-13,"NC",30,51,6
2020-05-14,"NC",31,52,3
2020-05-15,"NC",34,53,14
2020-05-16,"NC",35,54,11
2020-05-17,"NC",37,55,13
2020-05-18,"NC",37,56,10
2020-05-19,"NC",37,57,9
2020-05-20,"NC",38,58,10
2020-05-21,"NC",37,59,9
2020-05-22,"NC",39,60,11
2020-05-23,"NC",40,61,12
2020-05-24,"NC",40,62,11
2020-05-25,"NC",45,63,16
2020-05-26,"NC",45,64,15
2020-05-27,"NC",48,65,17
2020-05-28,"NC",51,66,20
2020-05-29,"NC",52,67,20
2020-05-30,"NC",57,68,25
2020-05-31,"NC",69,69,37
2020-06-01,"NC",82,70,50
2020-06-02,"NC",91,71,57
2020-06-03,"NC",93,72,59
2020-06-04,"NC",95,73,61
2020-06-05,"NC",102,74,67
2020-06-06,"NC",105,75,66
2020-06-07,"NC",114,76,72
2020-06-08,"NC",118,77,76
2020-06-09,"NC",122,78,80
2020-06-10,"NC",125,79,82
2020-06-11,"NC",132,80,89
2020-06-12,"NC",138,81,85
2020-06-13,"NC",144,82,91
2020-06-14,"NC",156,83,103
2020-06-15,"NC",205,84,152
2020-06-16,"NC",211,85,158
2020-06-17,"NC",211,86,158
2020-06-18,"NC",214,87,132
2020-06-19,"NC",218,88,120
2020-06-20,"NC",232,89,134
2020-06-21,"NC",237,90,126
2020-06-22,"NC",254,91,141
2020-06-23,"NC",270,92,157
2020-06-24,"NC",299,93,186
2020-06-25,"NC",318,94,205
2020-06-26,"NC",337,95,208
2020-06-27,"NC",355,96,168
2020-06-28,"NC",385,97,198
2020-06-29,"NC",404,98,217
2020-06-30,"NC",465,99,278
2020-07-01,"NC",494,100,289
2020-07-02,"NC",573,101,340
2020-07-03,"NC",626,102,390
2020-07-04,"NC",686,103,446
2020-07-05,"NC",734,104,491
2020-07-06,"NC",820,105,577
2020-07-07,"NC",888,106,645
2020-07-08,"NC",974,107,714
2020-07-09,"NC",1039,108,765
2020-07-10,"NC",1168,109,884
2020-07-11,"NC",1266,110,947
2020-07-12,"NC",1401,111,1080
2020-07-13,"NC",1522,112,1157
2020-07-14,"NC",1579,113,1061
2020-07-15,"NC",1667,114,1144
2020-07-16,"NC",1831,115,1215
2020-07-17,"NC",2044,116,1402
2020-07-18,"NC",2197,117,1459
2020-07-19,"NC",2266,118,1479
2020-07-20,"NC",2351,119,1366
2020-07-21,"NC",2539,120,1437
2020-07-22,"NC",2727,121,1612
2020-07-23,"NC",2970,122,1795
2020-07-24,"NC",3175,123,1975
2020-07-25,"NC",3389,124,2172
2020-07-26,"NC",3600,125,2348
2020-07-27,"NC",3875,126,2623
2020-07-28,"NC",3997,127,2724
2020-07-29,"NC",4135,128,2831
2020-07-30,"NC",4402,129,3032
2020-07-31,"NC",4741,130,3323
2020-08-01,"NC",4961,131,3408
2020-08-02,"NC",5131,132,3221
2020-08-03,"NC",5302,133,2885
2020-08-04,"NC",5379,134,2955
2020-08-05,"NC",5638,135,2743
2020-03-05,"NW",0,-18,0
2020-03-07,"NW",0,-16,0
2020-03-08,"NW",0,-15,0
2020-03-09,"NW",0,-14,0
2020-03-11,"NW",0,-12,0
2020-03-12,"NW",0,-11,0
2020-03-13,"NW",0,-10,0
2020-03-14,"NW",0,-9,0
2020-03-15,"NW",0,-8,0
2020-03-16,"NW",0,-7,0
2020-03-17,"NW",0,-6,0
2020-03-18,"NW",0,-5,0
2020-03-19,"NW",0,-4,0
2020-03-20,"NW",0,-3,0
2020-03-21,"NW",0,-2,0
2020-03-22,"NW",0,-1,0
2020-03-23,"NW",4,0,4
2020-03-24,"NW",5,1,5
2020-03-25,"NW",5,2,5
2020-03-26,"NW",5,3,5
2020-03-27,"NW",NA,4,NA
2020-03-28,"NW",6,5,6
2020-03-29,"NW",6,6,6
2020-03-30,"NW",8,7,8
2020-03-31,"NW",8,8,8
2020-04-01,"NW",9,9,9
2020-04-02,"NW",9,10,9
2020-04-03,"NW",9,11,9
2020-04-04,"NW",11,12,11
2020-04-05,"NW",11,13,11
2020-04-06,"NW",11,14,11
2020-04-07,"NW",NA,15,NA
2020-04-08,"NW",15,16,15
2020-04-09,"NW",15,17,15
2020-04-10,"NW",18,18,18
2020-04-11,"NW",19,19,19
2020-04-12,"NW",19,20,19
2020-04-13,"NW",22,21,22
2020-04-14,"NW",22,22,22
2020-04-15,"NW",23,23,23
2020-04-16,"NW",24,24,24
2020-04-17,"NW",24,25,18
2020-04-18,"NW",24,26,18
2020-04-19,"NW",24,27,18
2020-04-20,"NW",25,28,19
2020-04-21,"NW",24,29,18
2020-04-22,"NW",24,30,18
2020-04-23,"NW",25,31,19
2020-04-24,"NW",25,32,19
2020-04-25,"NW",28,33,22
2020-04-26,"NW",28,34,22
2020-04-27,"NW",31,35,25
2020-04-28,"NW",29,36,23
2020-04-29,"NW",29,37,29
2020-04-30,"NW",31,38,31
2020-05-01,"NW",35,39,35
2020-05-02,"NW",35,40,22
2020-05-03,"NW",36,41,23
2020-05-04,"NW",35,42,22
2020-05-05,"NW",35,43,22
2020-05-06,"NW",37,44,21
2020-05-07,"NW",40,45,24
2020-05-08,"NW",42,46,26
2020-05-09,"NW",41,47,41
2020-05-10,"NW",45,48,29
2020-05-11,"NW",50,49,49
2020-05-12,"NW",51,50,50
2020-05-13,"NW",52,51,34
2020-05-14,"NW",58,52,38
2020-05-15,"NW",63,53,34
2020-05-16,"NW",64,54,35
2020-05-17,"NW",70,55,41
2020-05-18,"NW",72,56,43
2020-05-19,"NW",72,57,43
2020-05-20,"NW",72,58,43
2020-05-21,"NW",77,59,48
2020-05-22,"NW",80,60,50
2020-05-23,"NW",81,61,51
2020-05-24,"NW",94,62,64
2020-05-25,"NW",109,63,79
2020-05-26,"NW",115,64,85
2020-05-27,"NW",128,65,88
2020-05-28,"NW",134,66,88
2020-05-29,"NW",143,67,97
2020-05-30,"NW",162,68,116
2020-05-31,"NW",175,69,129
2020-06-01,"NW",187,70,141
2020-06-02,"NW",271,71,211
2020-06-03,"NW",314,72,254
2020-06-04,"NW",364,73,304
2020-06-05,"NW",409,74,335
2020-06-06,"NW",468,75,394
2020-06-07,"NW",523,76,449
2020-06-08,"NW",580,77,506
2020-06-09,"NW",604,78,515
2020-06-10,"NW",657,79,552
2020-06-11,"NW",757,80,648
2020-06-12,"NW",865,81,732
2020-06-13,"NW",977,82,844
2020-06-14,"NW",1097,83,940
2020-06-15,"NW",1177,84,1020
2020-06-16,"NW",1281,85,1124
2020-06-17,"NW",1402,86,1222
2020-06-18,"NW",1606,87,1426
2020-06-19,"NW",1758,88,1578
2020-06-20,"NW",1957,89,1777
2020-06-21,"NW",2148,90,1895
2020-06-22,"NW",2315,91,2062
2020-06-23,"NW",2454,92,2193
2020-06-24,"NW",2618,93,2322
2020-06-25,"NW",2965,94,2669
2020-06-26,"NW",3218,95,2792
2020-06-27,"NW",3454,96,3016
2020-06-28,"NW",3647,97,3209
2020-06-29,"NW",3931,98,3491
2020-06-30,"NW",4187,99,3529
2020-07-01,"NW",4393,100,3584
2020-07-02,"NW",4788,101,3916
2020-07-03,"NW",5168,102,4267
2020-07-04,"NW",5644,103,4743
2020-07-05,"NW",6063,104,5162
2020-07-06,"NW",6410,105,5270
2020-07-07,"NW",6842,106,5471
2020-07-08,"NW",7147,107,5655
2020-07-09,"NW",7870,108,6260
2020-07-10,"NW",8676,109,6952
2020-07-11,"NW",9418,110,7667
2020-07-12,"NW",9924,111,7697
2020-07-13,"NW",10525,112,8015
2020-07-14,"NW",10784,113,8173
2020-07-15,"NW",11225,114,8599
2020-07-16,"NW",11891,115,9149
2020-07-17,"NW",12722,116,9980
2020-07-18,"NW",13400,117,10513
2020-07-19,"NW",14006,118,11068
2020-07-20,"NW",14337,119,11048
2020-07-21,"NW",14634,120,11345
2020-07-22,"NW",15073,121,11111
2020-07-23,"NW",15901,122,11834
2020-07-24,"NW",16548,123,11705
2020-07-25,"NW",16942,124,11447
2020-07-26,"NW",17338,125,11214
2020-07-27,"NW",17604,126,11104
2020-07-28,"NW",17791,127,11081
2020-07-29,"NW",18231,128,10978
2020-07-30,"NW",18811,129,10570
2020-07-31,"NW",19325,130,10988
2020-08-01,"NW",19714,131,11189
2020-08-02,"NW",19961,132,11129
2020-08-03,"NW",20149,133,11168
2020-08-04,"NW",20270,134,10955
2020-08-05,"NW",20686,135,11334
2020-03-05,"WC",0,-6,0
2020-03-07,"WC",0,-4,0
2020-03-08,"WC",0,-3,0
2020-03-09,"WC",0,-2,0
2020-03-11,"WC",1,0,1
2020-03-12,"WC",1,1,1
2020-03-13,"WC",3,2,3
2020-03-14,"WC",9,3,9
2020-03-15,"WC",14,4,14
2020-03-16,"WC",16,5,16
2020-03-17,"WC",21,6,21
2020-03-18,"WC",31,7,31
2020-03-19,"WC",46,8,46
2020-03-20,"WC",57,9,57
2020-03-21,"WC",75,10,75
2020-03-22,"WC",89,11,89
2020-03-23,"WC",100,12,100
2020-03-24,"WC",113,13,113
2020-03-25,"WC",183,14,183
2020-03-26,"WC",229,15,229
2020-03-27,"WC",NA,16,NA
2020-03-28,"WC",271,17,270
2020-03-29,"WC",310,18,310
2020-03-30,"WC",324,19,323
2020-03-31,"WC",325,20,324
2020-04-01,"WC",326,21,326
2020-04-02,"WC",353,22,353
2020-04-03,"WC",374,23,373
2020-04-04,"WC",433,24,433
2020-04-05,"WC",454,25,452
2020-04-06,"WC",462,26,459
2020-04-07,"WC",NA,27,NA
2020-04-08,"WC",495,28,492
2020-04-09,"WC",515,29,512
2020-04-10,"WC",541,30,535
2020-04-11,"WC",546,31,539
2020-04-12,"WC",587,32,580
2020-04-13,"WC",617,33,609
2020-04-14,"WC",643,34,635
2020-04-15,"WC",657,35,649
2020-04-16,"WC",675,36,662
2020-04-17,"WC",717,37,497
2020-04-18,"WC",836,38,615
2020-04-19,"WC",868,39,646
2020-04-20,"WC",940,40,707
2020-04-21,"WC",1010,41,777
2020-04-22,"WC",1079,42,841
2020-04-23,"WC",1279,43,1015
2020-04-24,"WC",1413,44,1147
2020-04-25,"WC",1514,45,1246
2020-04-26,"WC",1608,46,1339
2020-04-27,"WC",1737,47,1466
2020-04-28,"WC",1870,48,1596
2020-04-29,"WC",2135,49,2093
2020-04-30,"WC",2342,50,2300
2020-05-01,"WC",2507,51,2452
2020-05-02,"WC",2700,52,1865
2020-05-03,"WC",3044,53,2207
2020-05-04,"WC",3362,54,2465
2020-05-05,"WC",3609,55,2705
2020-05-06,"WC",3760,56,2565
2020-05-07,"WC",3994,57,2793
2020-05-08,"WC",4497,58,3287
2020-05-09,"WC",4809,59,4714
2020-05-10,"WC",5168,60,3463
2020-05-11,"WC",5621,61,5515
2020-05-12,"WC",6105,62,5999
2020-05-13,"WC",6713,63,4646
2020-05-14,"WC",7235,64,4533
2020-05-15,"WC",7798,65,4804
2020-05-16,"WC",8404,66,5158
2020-05-17,"WC",9294,67,5624
2020-05-18,"WC",10035,68,6138
2020-05-19,"WC",10639,69,6089
2020-05-20,"WC",11262,70,5947
2020-05-21,"WC",12153,71,6813
2020-05-22,"WC",12888,72,6505
2020-05-23,"WC",13826,73,7439
2020-05-24,"WC",14740,74,7934
2020-05-25,"WC",15396,75,7845
2020-05-26,"WC",15829,76,7622
2020-05-27,"WC",16893,77,7998
2020-05-28,"WC",17754,78,8191
2020-05-29,"WC",18906,79,8639
2020-05-30,"WC",20160,80,9187
2020-05-31,"WC",21382,81,9780
2020-06-01,"WC",22567,82,10611
2020-06-02,"WC",23583,83,10579
2020-06-03,"WC",24657,84,10364
2020-06-04,"WC",27006,85,11438
2020-06-05,"WC",28807,86,11670
2020-06-06,"WC",30379,87,12295
2020-06-07,"WC",31824,88,13684
2020-06-08,"WC",33568,89,13638
2020-06-09,"WC",34819,90,13138
2020-06-10,"WC",36021,91,12232
2020-06-11,"WC",37422,92,13594
2020-06-12,"WC",38926,93,12486
2020-06-13,"WC",40605,94,12828
2020-06-14,"WC",42539,95,13929
2020-06-15,"WC",44143,96,14372
2020-06-16,"WC",45357,97,13921
2020-06-17,"WC",46555,98,13488
2020-06-18,"WC",47522,99,14398
2020-06-19,"WC",48706,100,13279
2020-06-20,"WC",50173,101,13625
2020-06-21,"WC",51441,102,14463
2020-06-22,"WC",52554,103,15138
2020-06-23,"WC",53512,104,14742
2020-06-24,"WC",55162,105,16329
2020-06-25,"WC",56780,106,15653
2020-06-26,"WC",57941,107,15270
2020-06-27,"WC",59315,108,15411
2020-06-28,"WC",60445,109,16045
2020-06-29,"WC",61375,110,16932
2020-06-30,"WC",62481,111,17502
2020-07-01,"WC",64377,112,17543
2020-07-02,"WC",65841,113,17401
2020-07-03,"WC",66936,114,17024
2020-07-04,"WC",68376,115,16988
2020-07-05,"WC",69531,116,17537
2020-07-06,"WC",70938,117,18566
2020-07-07,"WC",72156,118,17854
2020-07-08,"WC",73292,119,17219
2020-07-09,"WC",74815,120,17052
2020-07-10,"WC",76067,121,18238
2020-07-11,"WC",77336,122,17869
2020-07-12,"WC",78399,123,16981
2020-07-13,"WC",79344,124,17467
2020-07-14,"WC",80199,125,16014
2020-07-15,"WC",81556,126,17333
2020-07-16,"WC",82986,127,16741
2020-07-17,"WC",84254,128,14523
2020-07-18,"WC",85411,129,14408
2020-07-19,"WC",85926,130,14897
2020-07-20,"WC",85772,131,14693
2020-07-21,"WC",86329,132,13551
2020-07-22,"WC",87847,133,13604
2020-07-23,"WC",88928,134,13453
2020-07-24,"WC",90011,135,13287
2020-07-25,"WC",91033,136,13201
2020-07-26,"WC",92079,137,13849
2020-07-27,"WC",92600,138,14094
2020-07-28,"WC",92983,139,13188
2020-07-29,"WC",93737,140,13919
2020-07-30,"WC",94440,141,12502
2020-07-31,"WC",95223,142,12332
2020-08-01,"WC",96189,143,12365
2020-08-02,"WC",96838,144,12765
2020-08-03,"WC",97076,145,12615
2020-08-04,"WC",97261,146,11569
2020-08-05,"WC",98031,147,11224
2020-03-05,"UNKNOWN",0,-18,0
2020-03-07,"UNKNOWN",0,-16,0
2020-03-08,"UNKNOWN",0,-15,0
2020-03-09,"UNKNOWN",0,-14,0
2020-03-11,"UNKNOWN",0,-12,0
2020-03-12,"UNKNOWN",0,-11,0
2020-03-13,"UNKNOWN",0,-10,0
2020-03-14,"UNKNOWN",0,-9,0
2020-03-15,"UNKNOWN",0,-8,0
2020-03-16,"UNKNOWN",0,-7,0
2020-03-17,"UNKNOWN",0,-6,0
2020-03-18,"UNKNOWN",0,-5,0
2020-03-19,"UNKNOWN",0,-4,0
2020-03-20,"UNKNOWN",0,-3,0
2020-03-21,"UNKNOWN",0,-2,0
2020-03-22,"UNKNOWN",0,-1,0
2020-03-23,"UNKNOWN",1,0,1
2020-03-24,"UNKNOWN",19,1,19
2020-03-25,"UNKNOWN",65,2,65
2020-03-26,"UNKNOWN",79,3,79
2020-03-27,"UNKNOWN",NA,4,NA
2020-03-28,"UNKNOWN",117,5,117
2020-03-29,"UNKNOWN",100,6,100
2020-03-30,"UNKNOWN",96,7,96
2020-03-31,"UNKNOWN",90,8,90
2020-04-01,"UNKNOWN",90,9,90
2020-04-02,"UNKNOWN",94,10,94
2020-04-03,"UNKNOWN",94,11,94
2020-04-04,"UNKNOWN",63,12,63
2020-04-05,"UNKNOWN",77,13,77
2020-04-06,"UNKNOWN",77,14,77
2020-04-07,"UNKNOWN",NA,15,NA
2020-04-08,"UNKNOWN",11,16,11
2020-04-09,"UNKNOWN",11,17,11
2020-04-10,"UNKNOWN",10,18,10
2020-04-11,"UNKNOWN",10,19,10
2020-04-12,"UNKNOWN",15,20,15
2020-04-13,"UNKNOWN",17,21,17
2020-04-14,"UNKNOWN",18,22,18
2020-04-15,"UNKNOWN",18,23,18
2020-04-16,"UNKNOWN",16,24,16
2020-04-17,"UNKNOWN",22,25,22
2020-04-18,"UNKNOWN",32,26,32
2020-04-19,"UNKNOWN",42,27,42
2020-04-20,"UNKNOWN",43,28,43
2020-04-21,"UNKNOWN",43,29,43
2020-04-22,"UNKNOWN",1,30,1
2020-04-23,"UNKNOWN",1,31,1
2020-04-24,"UNKNOWN",0,32,0
2020-04-25,"UNKNOWN",0,33,0
2020-04-26,"UNKNOWN",0,34,0
2020-04-27,"UNKNOWN",0,35,0
2020-04-28,"UNKNOWN",0,36,0
2020-04-29,"UNKNOWN",0,37,0
2020-04-30,"UNKNOWN",0,38,0
2020-05-01,"UNKNOWN",0,39,0
2020-05-02,"UNKNOWN",0,40,0
2020-05-03,"UNKNOWN",0,41,0
2020-05-04,"UNKNOWN",0,42,0
2020-05-05,"UNKNOWN",0,43,0
2020-05-06,"UNKNOWN",0,44,0
2020-05-07,"UNKNOWN",0,45,0
2020-05-08,"UNKNOWN",0,46,0
2020-05-09,"UNKNOWN",0,47,0
2020-05-10,"UNKNOWN",0,48,0
2020-05-11,"UNKNOWN",0,49,0
2020-05-12,"UNKNOWN",0,50,0
2020-05-13,"UNKNOWN",0,51,0
2020-05-14,"UNKNOWN",0,52,0
2020-05-15,"UNKNOWN",0,53,0
2020-05-16,"UNKNOWN",0,54,0
2020-05-17,"UNKNOWN",0,55,0
2020-05-18,"UNKNOWN",0,56,0
2020-05-19,"UNKNOWN",0,57,0
2020-05-20,"UNKNOWN",0,58,0
2020-05-21,"UNKNOWN",0,59,0
2020-05-22,"UNKNOWN",0,60,0
2020-05-23,"UNKNOWN",0,61,0
2020-05-24,"UNKNOWN",0,62,0
2020-05-25,"UNKNOWN",0,63,0
2020-05-26,"UNKNOWN",0,64,0
2020-05-27,"UNKNOWN",0,65,0
2020-05-28,"UNKNOWN",0,66,0
2020-05-29,"UNKNOWN",32,67,32
2020-05-30,"UNKNOWN",33,68,33
2020-05-31,"UNKNOWN",6,69,6
2020-06-01,"UNKNOWN",6,70,6
2020-06-02,"UNKNOWN",6,71,6
2020-06-03,"UNKNOWN",5,72,5
2020-06-04,"UNKNOWN",5,73,5
2020-06-05,"UNKNOWN",5,74,5
2020-06-06,"UNKNOWN",5,75,5
2020-06-07,"UNKNOWN",19,76,19
2020-06-08,"UNKNOWN",39,77,39
2020-06-09,"UNKNOWN",57,78,57
2020-06-10,"UNKNOWN",57,79,57
2020-06-11,"UNKNOWN",63,80,63
2020-06-12,"UNKNOWN",63,81,63
2020-06-13,"UNKNOWN",63,82,63
2020-06-14,"UNKNOWN",63,83,63
2020-06-15,"UNKNOWN",63,84,63
2020-06-16,"UNKNOWN",63,85,63
2020-06-17,"UNKNOWN",52,86,52
2020-06-18,"UNKNOWN",52,87,52
2020-06-19,"UNKNOWN",52,88,52
2020-06-20,"UNKNOWN",49,89,49
2020-06-21,"UNKNOWN",3,90,3
2020-06-22,"UNKNOWN",3,91,3
2020-06-23,"UNKNOWN",0,92,0
2020-06-24,"UNKNOWN",0,93,0
2020-06-25,"UNKNOWN",0,94,0
2020-06-26,"UNKNOWN",0,95,0
2020-06-27,"UNKNOWN",0,96,0
2020-06-28,"UNKNOWN",0,97,0
2020-06-29,"UNKNOWN",0,98,0
2020-06-30,"UNKNOWN",0,99,0
2020-07-01,"UNKNOWN",0,100,0
2020-07-02,"UNKNOWN",0,101,0
2020-07-03,"UNKNOWN",0,102,0
2020-07-04,"UNKNOWN",0,103,0
2020-07-05,"UNKNOWN",0,104,0
2020-07-06,"UNKNOWN",0,105,0
2020-07-07,"UNKNOWN",0,106,0
2020-07-08,"UNKNOWN",0,107,0
2020-07-09,"UNKNOWN",0,108,0
2020-07-10,"UNKNOWN",0,109,0
2020-07-11,"UNKNOWN",0,110,0
2020-07-12,"UNKNOWN",0,111,0
2020-07-13,"UNKNOWN",0,112,0
2020-07-14,"UNKNOWN",107,113,107
2020-07-15,"UNKNOWN",107,114,107
2020-07-16,"UNKNOWN",61,115,61
2020-07-17,"UNKNOWN",61,116,61
2020-07-18,"UNKNOWN",67,117,67
2020-07-19,"UNKNOWN",67,118,67
2020-07-20,"UNKNOWN",52,119,52
2020-07-21,"UNKNOWN",46,120,46
2020-07-22,"UNKNOWN",50,121,50
2020-07-23,"UNKNOWN",50,122,50
2020-07-24,"UNKNOWN",50,123,50
2020-07-25,"UNKNOWN",50,124,50
2020-07-26,"UNKNOWN",50,125,50
2020-07-27,"UNKNOWN",50,126,50
2020-07-28,"UNKNOWN",50,127,50
2020-07-29,"UNKNOWN",50,128,50
2020-07-30,"UNKNOWN",50,129,50
2020-07-31,"UNKNOWN",50,130,50
2020-08-01,"UNKNOWN",50,131,50
2020-08-02,"UNKNOWN",50,132,50
2020-08-03,"UNKNOWN",50,133,50
2020-08-04,"UNKNOWN",50,134,50
2020-08-05,"UNKNOWN",50,135,50
